Date,Power_kW
01-01-2019 02:00,94.752
01-01-2019 03:00,88.709
01-01-2019 04:00,88.926
01-01-2019 05:00,89.539
01-01-2019 06:00,92.399
01-01-2019 07:00,99.188
01-01-2019 08:00,106.739
01-01-2019 09:00,105.838
01-01-2019 10:00,110.078
01-01-2019 11:00,107.257
01-01-2019 12:00,106.283
01-01-2019 13:00,108.882
01-01-2019 14:00,107.916
01-01-2019 15:00,106.191
01-01-2019 16:00,105.455
01-01-2019 17:00,113.57
01-01-2019 18:00,103.995
01-01-2019 19:00,100.805
01-01-2019 20:00,99.72
01-01-2019 21:00,93.79
01-01-2019 22:00,88.765
01-01-2019 23:00,87.695
01-02-2019 00:00,108.261
01-02-2019 01:00,105.474
01-02-2019 02:00,107.18
01-02-2019 03:00,107.636
01-02-2019 04:00,105.547
01-02-2019 05:00,104.585
01-02-2019 06:00,108.683
01-02-2019 07:00,146.916
01-02-2019 08:00,191.87
01-02-2019 09:00,215.088
01-02-2019 10:00,243.252
01-02-2019 11:00,324.193
01-02-2019 12:00,267.701
01-02-2019 13:00,280.792
01-02-2019 14:00,294.921
01-02-2019 15:00,282.85
01-02-2019 16:00,263.802
01-02-2019 17:00,251.11
01-02-2019 18:00,206.061
01-02-2019 19:00,168.257
01-02-2019 20:00,144.747
01-02-2019 21:00,121.291
01-02-2019 22:00,108.311
01-02-2019 23:00,107.698
01-03-2019 00:00,120.159
01-03-2019 01:00,113.308
01-03-2019 02:00,108.948
01-03-2019 03:00,109.082
01-03-2019 04:00,107.953
01-03-2019 05:00,107.183
01-03-2019 06:00,112.666
01-03-2019 07:00,166.608
01-03-2019 08:00,219.917
01-03-2019 09:00,253.489
01-03-2019 10:00,268.065
01-03-2019 11:00,398.686
01-03-2019 12:00,312.761
01-03-2019 13:00,306.111
01-03-2019 14:00,303.649
01-03-2019 15:00,289.562
01-03-2019 16:00,268.975
01-03-2019 17:00,248.879
01-03-2019 18:00,222.761
01-03-2019 19:00,176.514
01-03-2019 20:00,154.605
01-03-2019 21:00,122.502
01-03-2019 22:00,122.041
01-03-2019 23:00,112.824
01-04-2019 00:00,108.068
01-04-2019 01:00,104.213
01-04-2019 02:00,103.711
01-04-2019 03:00,104.144
01-04-2019 04:00,100.875
01-04-2019 05:00,101.308
01-04-2019 06:00,111.662
01-04-2019 07:00,142.521
01-04-2019 08:00,168.659
01-04-2019 09:00,216.295
01-04-2019 10:00,369.181
01-04-2019 11:00,324.437
01-04-2019 12:00,340.321
01-04-2019 13:00,325.577
01-04-2019 14:00,326.669
01-04-2019 15:00,335.033
01-04-2019 16:00,354.929
01-04-2019 17:00,341.378
01-04-2019 18:00,297.748
01-04-2019 19:00,229.831
01-04-2019 20:00,171.325
01-04-2019 21:00,141.75
01-04-2019 22:00,123.654
01-04-2019 23:00,113.21
01-05-2019 00:00,107.28
01-05-2019 01:00,109.051
01-05-2019 02:00,105.39
01-05-2019 03:00,106.187
01-05-2019 04:00,104.936
01-05-2019 05:00,101.995
01-05-2019 06:00,105.06
01-05-2019 07:00,103.624
01-05-2019 08:00,116.373
01-05-2019 09:00,138.51
01-05-2019 10:00,249.364
01-05-2019 11:00,173.418
01-05-2019 12:00,196.38
01-05-2019 13:00,191.382
01-05-2019 14:00,180.109
01-05-2019 15:00,185.278
01-05-2019 16:00,184.627
01-05-2019 17:00,190.753
01-05-2019 18:00,195.251
01-05-2019 19:00,146.042
01-05-2019 20:00,129.314
01-05-2019 21:00,124.963
01-05-2019 22:00,104.955
01-05-2019 23:00,105.516
01-06-2019 00:00,0
01-06-2019 01:00,0
01-06-2019 02:00,0
01-06-2019 03:00,0
01-06-2019 04:00,0
01-06-2019 05:00,0
01-06-2019 06:00,0
01-06-2019 07:00,0
01-06-2019 08:00,0
01-06-2019 09:00,0
01-06-2019 10:00,0
01-06-2019 11:00,0
01-06-2019 12:00,0
01-06-2019 13:00,0
01-06-2019 14:00,0
01-06-2019 15:00,0
01-06-2019 16:00,0
01-06-2019 17:00,0
01-06-2019 18:00,0
01-06-2019 19:00,0
01-06-2019 20:00,0
01-06-2019 21:00,0
01-06-2019 22:00,0
01-06-2019 23:00,0
01-07-2019 00:00,101.235
01-07-2019 01:00,95.956
01-07-2019 02:00,98.336
01-07-2019 03:00,102.791
01-07-2019 04:00,98.346
01-07-2019 05:00,98.923
01-07-2019 06:00,110.653
01-07-2019 07:00,368.139
01-07-2019 08:00,263.814
01-07-2019 09:00,322.372
01-07-2019 10:00,344.52
01-07-2019 11:00,389.494
01-07-2019 12:00,380.159
01-07-2019 13:00,366.705
01-07-2019 14:00,378.787
01-07-2019 15:00,429.535
01-07-2019 16:00,399.23
01-07-2019 17:00,378.622
01-07-2019 18:00,356.039
01-07-2019 19:00,195.121
01-07-2019 20:00,143.578
01-07-2019 21:00,114.923
01-07-2019 22:00,116.434
01-07-2019 23:00,110.868
01-08-2019 00:00,116.142
01-08-2019 01:00,108.409
01-08-2019 02:00,0
01-08-2019 03:00,0
01-08-2019 04:00,0
01-08-2019 05:00,0
01-08-2019 06:00,0
01-08-2019 07:00,0
01-08-2019 08:00,0
01-08-2019 09:00,0
01-08-2019 10:00,0
01-08-2019 11:00,356.883
01-08-2019 12:00,385.351
01-08-2019 13:00,400.277
01-08-2019 14:00,381.394
01-08-2019 15:00,385.3
01-08-2019 16:00,384.085
01-08-2019 17:00,356.247
01-08-2019 18:00,290.176
01-08-2019 19:00,161.909
01-08-2019 20:00,122.904
01-08-2019 21:00,108.215
01-08-2019 22:00,112.934
01-08-2019 23:00,104.55
01-09-2019 00:00,92.786
01-09-2019 01:00,95.523
01-09-2019 02:00,94.492
01-09-2019 03:00,95.661
01-09-2019 04:00,95.922
01-09-2019 05:00,93.947
01-09-2019 06:00,98.421
01-09-2019 07:00,93.798
01-09-2019 08:00,97.493
01-09-2019 09:00,90.08
01-09-2019 10:00,96.884
01-09-2019 11:00,100.372
01-09-2019 12:00,96.033
01-09-2019 13:00,99.333
01-09-2019 14:00,95.561
01-09-2019 15:00,98.777
01-09-2019 16:00,96.83
01-09-2019 17:00,97.428
01-09-2019 18:00,100.579
01-09-2019 19:00,95.166
01-09-2019 20:00,98.467
01-09-2019 21:00,94.335
01-09-2019 22:00,94.365
01-09-2019 23:00,96.01
01-10-2019 00:00,117.733
01-10-2019 01:00,108.075
01-10-2019 02:00,112.416
01-10-2019 03:00,106.732
01-10-2019 04:00,111.404
01-10-2019 05:00,109.771
01-10-2019 06:00,128.371
01-10-2019 07:00,411.236
01-10-2019 08:00,362.104
01-10-2019 09:00,390.479
01-10-2019 10:00,453.085
01-10-2019 11:00,477.216
01-10-2019 12:00,488.286
01-10-2019 13:00,504.785
01-10-2019 14:00,552.529
01-10-2019 15:00,515.127
01-10-2019 16:00,557.823
01-10-2019 17:00,528.095
01-10-2019 18:00,455.599
01-10-2019 19:00,233.274
01-10-2019 20:00,148.676
01-10-2019 21:00,123.322
01-10-2019 22:00,109.196
01-10-2019 23:00,109.2
01-11-2019 00:00,107.932
01-11-2019 01:00,105.032
01-11-2019 02:00,105.237
01-11-2019 03:00,104.117
01-11-2019 04:00,107.839
01-11-2019 05:00,104.101
01-11-2019 06:00,230.904
01-11-2019 07:00,203.026
01-11-2019 08:00,190.582
01-11-2019 09:00,173.741
01-11-2019 10:00,126.112
01-11-2019 11:00,130.169
01-11-2019 12:00,127.005
01-11-2019 13:00,128.443
01-11-2019 14:00,127.916
01-11-2019 15:00,131.264
01-11-2019 16:00,127.707
01-11-2019 17:00,132.147
01-11-2019 18:00,127.093
01-11-2019 19:00,116.256
01-11-2019 20:00,110.053
01-11-2019 21:00,105.455
01-11-2019 22:00,107.87
01-11-2019 23:00,103.211
01-12-2019 00:00,101.171
01-12-2019 01:00,100.991
01-12-2019 02:00,98.453
01-12-2019 03:00,98.938
01-12-2019 04:00,101.973
01-12-2019 05:00,97.535
01-12-2019 06:00,98.664
01-12-2019 07:00,104.107
01-12-2019 08:00,99.225
01-12-2019 09:00,97.973
01-12-2019 10:00,106.693
01-12-2019 11:00,100.643
01-12-2019 12:00,100.291
01-12-2019 13:00,104.048
01-12-2019 14:00,101.538
01-12-2019 15:00,100.185
01-12-2019 16:00,106.279
01-12-2019 17:00,98.598
01-12-2019 18:00,99.106
01-12-2019 19:00,100.145
01-12-2019 20:00,103.989
01-12-2019 21:00,97.191
01-12-2019 22:00,99.225
01-12-2019 23:00,100.029
13-01-2019 00:00,99.828
13-01-2019 01:00,97.938
13-01-2019 02:00,101.342
13-01-2019 03:00,99.13
13-01-2019 04:00,97.773
13-01-2019 05:00,99.421
13-01-2019 06:00,100.629
13-01-2019 07:00,100.085
13-01-2019 08:00,101.76
13-01-2019 09:00,105.083
13-01-2019 10:00,105.156
13-01-2019 11:00,107.537
13-01-2019 12:00,107.885
13-01-2019 13:00,109.373
13-01-2019 14:00,105.773
13-01-2019 15:00,104.773
13-01-2019 16:00,104.497
13-01-2019 17:00,111.094
13-01-2019 18:00,105.559
13-01-2019 19:00,105.263
13-01-2019 20:00,104.619
13-01-2019 21:00,109.852
13-01-2019 22:00,103.032
13-01-2019 23:00,100.617
14-01-2019 00:00,104.343
14-01-2019 01:00,101.641
14-01-2019 02:00,102.776
14-01-2019 03:00,100.119
14-01-2019 04:00,104.317
14-01-2019 05:00,102.756
14-01-2019 06:00,110.289
14-01-2019 07:00,159.908
14-01-2019 08:00,206.337
14-01-2019 09:00,234.132
14-01-2019 10:00,263.856
14-01-2019 11:00,325.615
14-01-2019 12:00,280.451
14-01-2019 13:00,295.991
14-01-2019 14:00,304.125
14-01-2019 15:00,308.112
14-01-2019 16:00,294.829
14-01-2019 17:00,269.25
14-01-2019 18:00,226.608
14-01-2019 19:00,174.723
14-01-2019 20:00,155.469
14-01-2019 21:00,126.818
14-01-2019 22:00,112.899
14-01-2019 23:00,111.876
15-01-2019 00:00,105.547
15-01-2019 01:00,103.665
15-01-2019 02:00,106.325
15-01-2019 03:00,103.032
15-01-2019 04:00,103.305
15-01-2019 05:00,108.016
15-01-2019 06:00,110.193
15-01-2019 07:00,152.996
15-01-2019 08:00,207.307
15-01-2019 09:00,233.902
15-01-2019 10:00,272.68
15-01-2019 11:00,350.217
15-01-2019 12:00,292.871
15-01-2019 13:00,317.3
15-01-2019 14:00,305.501
15-01-2019 15:00,310.32
15-01-2019 16:00,284.119
15-01-2019 17:00,277.714
15-01-2019 18:00,236.498
15-01-2019 19:00,180.431
15-01-2019 20:00,156.235
15-01-2019 21:00,126.025
15-01-2019 22:00,108.66
15-01-2019 23:00,107.575
16-01-2019 00:00,102.212
16-01-2019 01:00,102.703
16-01-2019 02:00,105.681
16-01-2019 03:00,103.274
16-01-2019 04:00,104.021
16-01-2019 05:00,98.444
16-01-2019 06:00,110.159
16-01-2019 07:00,157.657
16-01-2019 08:00,194.484
16-01-2019 09:00,240.381
16-01-2019 10:00,272.324
16-01-2019 11:00,341.5
16-01-2019 12:00,300.783
16-01-2019 13:00,325.672
16-01-2019 14:00,295.274
16-01-2019 15:00,306.245
16-01-2019 16:00,291.019
16-01-2019 17:00,276.015
16-01-2019 18:00,232.051
16-01-2019 19:00,186.078
16-01-2019 20:00,159.965
16-01-2019 21:00,123.84
16-01-2019 22:00,114.594
16-01-2019 23:00,112.045
17-01-2019 00:00,112.712
17-01-2019 01:00,108.276
17-01-2019 02:00,107.548
17-01-2019 03:00,110.592
17-01-2019 04:00,107.207
17-01-2019 05:00,106.034
17-01-2019 06:00,115.357
17-01-2019 07:00,157.098
17-01-2019 08:00,202.047
17-01-2019 09:00,238.721
17-01-2019 10:00,269.526
17-01-2019 11:00,346.606
17-01-2019 12:00,285.645
17-01-2019 13:00,303.504
17-01-2019 14:00,301.837
17-01-2019 15:00,309.887
17-01-2019 16:00,284.652
17-01-2019 17:00,265.382
17-01-2019 18:00,232.572
17-01-2019 19:00,174.808
17-01-2019 20:00,157.979
17-01-2019 21:00,125.143
17-01-2019 22:00,115.932
17-01-2019 23:00,102.316
18-01-2019 00:00,105.133
18-01-2019 01:00,108.978
18-01-2019 02:00,104.535
18-01-2019 03:00,109.848
18-01-2019 04:00,102.124
18-01-2019 05:00,104.071
18-01-2019 06:00,112.731
18-01-2019 07:00,152.41
18-01-2019 08:00,202.649
18-01-2019 09:00,240.12
18-01-2019 10:00,268.862
18-01-2019 11:00,342.639
18-01-2019 12:00,288.543
18-01-2019 13:00,298.233
18-01-2019 14:00,297.532
18-01-2019 15:00,295.374
18-01-2019 16:00,273.328
18-01-2019 17:00,253.069
18-01-2019 18:00,221.797
18-01-2019 19:00,160.356
18-01-2019 20:00,142.911
18-01-2019 21:00,117.48
18-01-2019 22:00,109.641
18-01-2019 23:00,105.363
19-01-2019 00:00,106.896
19-01-2019 01:00,102.281
19-01-2019 02:00,102.128
19-01-2019 03:00,103.738
19-01-2019 04:00,99.617
19-01-2019 05:00,103.055
19-01-2019 06:00,99.943
19-01-2019 07:00,110.523
19-01-2019 08:00,118.979
19-01-2019 09:00,118.4
19-01-2019 10:00,117.496
19-01-2019 11:00,127.516
19-01-2019 12:00,120.666
19-01-2019 13:00,119.462
19-01-2019 14:00,122.667
19-01-2019 15:00,123.043
19-01-2019 16:00,123.702
19-01-2019 17:00,121.935
19-01-2019 18:00,121.187
19-01-2019 19:00,115.851
19-01-2019 20:00,114.567
19-01-2019 21:00,105.612
19-01-2019 22:00,102.212
19-01-2019 23:00,101.173
20-01-2019 00:00,98.475
20-01-2019 01:00,100.307
20-01-2019 02:00,97.647
20-01-2019 03:00,96.439
20-01-2019 04:00,99.582
20-01-2019 05:00,98.306
20-01-2019 06:00,99.249
20-01-2019 07:00,98.774
20-01-2019 08:00,104.93
20-01-2019 09:00,100.514
20-01-2019 10:00,103.27
20-01-2019 11:00,108.403
20-01-2019 12:00,110.688
20-01-2019 13:00,108.276
20-01-2019 14:00,107.13
20-01-2019 15:00,107.962
20-01-2019 16:00,103.627
20-01-2019 17:00,104.083
20-01-2019 18:00,103.876
20-01-2019 19:00,108.825
20-01-2019 20:00,104.09
20-01-2019 21:00,100.522
20-01-2019 22:00,103.523
20-01-2019 23:00,105.191
21-01-2019 00:00,99.985
21-01-2019 01:00,99.437
21-01-2019 02:00,102.963
21-01-2019 03:00,100.131
21-01-2019 04:00,99.425
21-01-2019 05:00,103.151
21-01-2019 06:00,104.685
21-01-2019 07:00,149.454
21-01-2019 08:00,189.049
21-01-2019 09:00,239.108
21-01-2019 10:00,264.473
21-01-2019 11:00,340.772
21-01-2019 12:00,297.724
21-01-2019 13:00,297.616
21-01-2019 14:00,301.143
21-01-2019 15:00,304.29
21-01-2019 16:00,282.383
21-01-2019 17:00,274.919
21-01-2019 18:00,224.423
21-01-2019 19:00,181.313
21-01-2019 20:00,150.324
21-01-2019 21:00,122.816
21-01-2019 22:00,108.629
21-01-2019 23:00,105.984
22-01-2019 00:00,109.741
22-01-2019 01:00,105.099
22-01-2019 02:00,107.678
22-01-2019 03:00,101.618
22-01-2019 04:00,105.114
22-01-2019 05:00,103.611
22-01-2019 06:00,108.863
22-01-2019 07:00,158.692
22-01-2019 08:00,205.697
22-01-2019 09:00,237.092
22-01-2019 10:00,273.217
22-01-2019 11:00,336.969
22-01-2019 12:00,290.801
22-01-2019 13:00,319.961
22-01-2019 14:00,302.619
22-01-2019 15:00,313.279
22-01-2019 16:00,285.557
22-01-2019 17:00,283.333
22-01-2019 18:00,225.734
22-01-2019 19:00,178.327
22-01-2019 20:00,150.044
22-01-2019 21:00,122.257
22-01-2019 22:00,115.479
22-01-2019 23:00,114.854
23-01-2019 00:00,114.191
23-01-2019 01:00,109.626
23-01-2019 02:00,110.573
23-01-2019 03:00,106.13
23-01-2019 04:00,104.999
23-01-2019 05:00,106.555
23-01-2019 06:00,109.411
23-01-2019 07:00,158.8
23-01-2019 08:00,197.39
23-01-2019 09:00,230.414
23-01-2019 10:00,266.593
23-01-2019 11:00,353.008
23-01-2019 12:00,299.878
23-01-2019 13:00,306.119
23-01-2019 14:00,306.061
23-01-2019 15:00,283.855
23-01-2019 16:00,262.652
23-01-2019 17:00,259.766
23-01-2019 18:00,234.623
23-01-2019 19:00,193.196
23-01-2019 20:00,156.147
23-01-2019 21:00,129.44
23-01-2019 22:00,118.067
23-01-2019 23:00,117.519
24-01-2019 00:00,113.685
24-01-2019 01:00,116.794
24-01-2019 02:00,113.505
24-01-2019 03:00,111.301
24-01-2019 04:00,107.437
24-01-2019 05:00,106.279
24-01-2019 06:00,110.699
24-01-2019 07:00,159.022
24-01-2019 08:00,193.683
24-01-2019 09:00,226.838
24-01-2019 10:00,259.118
24-01-2019 11:00,331.806
24-01-2019 12:00,289.467
24-01-2019 13:00,269.744
24-01-2019 14:00,298.578
24-01-2019 15:00,282.67
24-01-2019 16:00,259.406
24-01-2019 17:00,253.985
24-01-2019 18:00,218.059
24-01-2019 19:00,179.005
24-01-2019 20:00,150.796
24-01-2019 21:00,121.662
24-01-2019 22:00,115.932
24-01-2019 23:00,108.276
25-01-2019 00:00,109.38
25-01-2019 01:00,102.492
25-01-2019 02:00,103.895
25-01-2019 03:00,107.713
25-01-2019 04:00,104.895
25-01-2019 05:00,106.214
25-01-2019 06:00,114.149
25-01-2019 07:00,152.977
25-01-2019 08:00,192.859
25-01-2019 09:00,212.788
25-01-2019 10:00,244.095
25-01-2019 11:00,317.573
25-01-2019 12:00,286.17
25-01-2019 13:00,248.047
25-01-2019 14:00,285.683
25-01-2019 15:00,271.017
25-01-2019 16:00,258.877
25-01-2019 17:00,230.061
25-01-2019 18:00,210.473
25-01-2019 19:00,153.855
25-01-2019 20:00,127.88
25-01-2019 21:00,116.56
25-01-2019 22:00,102.921
25-01-2019 23:00,105.582
26-01-2019 00:00,103.404
26-01-2019 01:00,102.388
26-01-2019 02:00,104.47
26-01-2019 03:00,101.269
26-01-2019 04:00,98.965
26-01-2019 05:00,100.84
26-01-2019 06:00,98.417
26-01-2019 07:00,112.267
26-01-2019 08:00,112.861
26-01-2019 09:00,113.831
26-01-2019 10:00,114.429
26-01-2019 11:00,111.125
26-01-2019 12:00,110.956
26-01-2019 13:00,117.342
26-01-2019 14:00,115.211
26-01-2019 15:00,122.249
26-01-2019 16:00,119.175
26-01-2019 17:00,120.562
26-01-2019 18:00,120.535
26-01-2019 19:00,114.149
26-01-2019 20:00,114.287
26-01-2019 21:00,105.796
26-01-2019 22:00,100.249
26-01-2019 23:00,98.44
27-01-2019 00:00,104.416
27-01-2019 01:00,100.529
27-01-2019 02:00,97.666
27-01-2019 03:00,98.712
27-01-2019 04:00,101.154
27-01-2019 05:00,97.815
27-01-2019 06:00,97.708
27-01-2019 07:00,100.111
27-01-2019 08:00,96.922
27-01-2019 09:00,101.058
27-01-2019 10:00,103.347
27-01-2019 11:00,103.665
27-01-2019 12:00,101.361
27-01-2019 13:00,101.514
27-01-2019 14:00,107.847
27-01-2019 15:00,104.846
27-01-2019 16:00,105.892
27-01-2019 17:00,109.837
27-01-2019 18:00,110.04
27-01-2019 19:00,105.022
27-01-2019 20:00,105.102
27-01-2019 21:00,105.313
27-01-2019 22:00,100.671
27-01-2019 23:00,100.062
28-01-2019 00:00,100.445
28-01-2019 01:00,98.172
28-01-2019 02:00,97.01
28-01-2019 03:00,99.28
28-01-2019 04:00,105.11
28-01-2019 05:00,98.095
28-01-2019 06:00,101.959
28-01-2019 07:00,154.978
28-01-2019 08:00,202.335
28-01-2019 09:00,232.193
28-01-2019 10:00,275.283
28-01-2019 11:00,359.291
28-01-2019 12:00,292.215
28-01-2019 13:00,304.873
28-01-2019 14:00,307.226
28-01-2019 15:00,298.69
28-01-2019 16:00,282.482
28-01-2019 17:00,256.971
28-01-2019 18:00,229.847
28-01-2019 19:00,171.871
28-01-2019 20:00,140.557
28-01-2019 21:00,121.915
28-01-2019 22:00,109.748
28-01-2019 23:00,106.743
29-01-2019 00:00,109.208
29-01-2019 01:00,106.022
29-01-2019 02:00,104.861
29-01-2019 03:00,106.494
29-01-2019 04:00,103.742
29-01-2019 05:00,105.57
29-01-2019 06:00,115.717
29-01-2019 07:00,146.046
29-01-2019 08:00,192.801
29-01-2019 09:00,223.288
29-01-2019 10:00,253.813
29-01-2019 11:00,333.431
29-01-2019 12:00,304.773
29-01-2019 13:00,277.641
29-01-2019 14:00,317.032
29-01-2019 15:00,293.986
29-01-2019 16:00,288.861
29-01-2019 17:00,273.6
29-01-2019 18:00,235.493
29-01-2019 19:00,168.352
29-01-2019 20:00,151.647
29-01-2019 21:00,120.428
29-01-2019 22:00,112.551
29-01-2019 23:00,111.845
30-01-2019 00:00,110.366
30-01-2019 01:00,112.823
30-01-2019 02:00,107.586
30-01-2019 03:00,107.372
30-01-2019 04:00,107.115
30-01-2019 05:00,108.541
30-01-2019 06:00,112.708
30-01-2019 07:00,154.917
30-01-2019 08:00,197.053
30-01-2019 09:00,222.648
30-01-2019 10:00,255.879
30-01-2019 11:00,352.337
30-01-2019 12:00,303.964
30-01-2019 13:00,299.322
30-01-2019 14:00,313.762
30-01-2019 15:00,287.968
30-01-2019 16:00,280.73
30-01-2019 17:00,250.485
30-01-2019 18:00,225.105
30-01-2019 19:00,174.789
30-01-2019 20:00,146.939
30-01-2019 21:00,117.925
30-01-2019 22:00,106.728
30-01-2019 23:00,102.756
31-01-2019 00:00,103.88
31-01-2019 01:00,99.598
31-01-2019 02:00,100.767
31-01-2019 03:00,103.197
31-01-2019 04:00,98.908
31-01-2019 05:00,99.199
31-01-2019 06:00,112.347
31-01-2019 07:00,146.288
31-01-2019 08:00,194.457
31-01-2019 09:00,228.854
31-01-2019 10:00,255.373
31-01-2019 11:00,327.869
31-01-2019 12:00,290.456
31-01-2019 13:00,270.948
31-01-2019 14:00,296.57
31-01-2019 15:00,292.606
31-01-2019 16:00,277.365
31-01-2019 17:00,262.997
31-01-2019 18:00,223.982
31-01-2019 19:00,171.99
31-01-2019 20:00,148.799
31-01-2019 21:00,122.977
31-01-2019 22:00,112.167
31-01-2019 23:00,107.123
02-01-2019 00:00,88.493
02-01-2019 01:00,91.164
02-01-2019 02:00,88.056
02-01-2019 03:00,88.117
02-01-2019 04:00,89.758
02-01-2019 05:00,89.094
02-01-2019 06:00,90.942
02-01-2019 07:00,132.975
02-01-2019 08:00,162.269
02-01-2019 09:00,173.133
02-01-2019 10:00,199.885
02-01-2019 11:00,212.8
02-01-2019 12:00,214.253
02-01-2019 13:00,209.047
02-01-2019 14:00,216.652
02-01-2019 15:00,223.33
02-01-2019 16:00,215.602
02-01-2019 17:00,206.548
02-01-2019 18:00,179.864
02-01-2019 19:00,140.369
02-01-2019 20:00,128.528
02-01-2019 21:00,113.099
02-01-2019 22:00,100.499
02-01-2019 23:00,101.315
02-02-2019 00:00,103.573
02-02-2019 01:00,103.293
02-02-2019 02:00,106.517
02-02-2019 03:00,102.147
02-02-2019 04:00,107.905
02-02-2019 05:00,101.365
02-02-2019 06:00,100.019
02-02-2019 07:00,117.894
02-02-2019 08:00,111.972
02-02-2019 09:00,113.264
02-02-2019 10:00,113.095
02-02-2019 11:00,111.036
02-02-2019 12:00,119.163
02-02-2019 13:00,118.557
02-02-2019 14:00,118.837
02-02-2019 15:00,124.748
02-02-2019 16:00,123.571
02-02-2019 17:00,127.842
02-02-2019 18:00,122.74
02-02-2019 19:00,126.236
02-02-2019 20:00,124.595
02-02-2019 21:00,108.131
02-02-2019 22:00,110.711
02-02-2019 23:00,106.199
02-03-2019 00:00,115.77
02-03-2019 01:00,111.747
02-03-2019 02:00,114.983
02-03-2019 03:00,108.491
02-03-2019 04:00,112.485
02-03-2019 05:00,108.342
02-03-2019 06:00,108.317
02-03-2019 07:00,119.819
02-03-2019 08:00,123.214
02-03-2019 09:00,126.582
02-03-2019 10:00,124.982
02-03-2019 11:00,125.314
02-03-2019 12:00,127.316
02-03-2019 13:00,125.128
02-03-2019 14:00,128.033
02-03-2019 15:00,131.543
02-03-2019 16:00,128.487
02-03-2019 17:00,126.734
02-03-2019 18:00,130.692
02-03-2019 19:00,119.303
02-03-2019 20:00,115.564
02-03-2019 21:00,106.669
02-03-2019 22:00,103.076
02-03-2019 23:00,102.036
02-04-2019 00:00,111.903
02-04-2019 01:00,108.291
02-04-2019 02:00,108.673
02-04-2019 03:00,110.6
02-04-2019 04:00,107.589
02-04-2019 05:00,113.85
02-04-2019 06:00,117.297
02-04-2019 07:00,144.153
02-04-2019 08:00,194.142
02-04-2019 09:00,235.141
02-04-2019 10:00,388.962
02-04-2019 11:00,329.262
02-04-2019 12:00,338.15
02-04-2019 13:00,315.413
02-04-2019 14:00,337.57
02-04-2019 15:00,374.08
02-04-2019 16:00,363.304
02-04-2019 17:00,326.718
02-04-2019 18:00,272.271
02-04-2019 19:00,205.54
02-04-2019 20:00,150.847
02-04-2019 21:00,134.771
02-04-2019 22:00,118.539
02-04-2019 23:00,112.819
02-05-2019 00:00,109.003
02-05-2019 01:00,104.838
02-05-2019 02:00,104.541
02-05-2019 03:00,108.303
02-05-2019 04:00,103.99
02-05-2019 05:00,104.685
02-05-2019 06:00,123.474
02-05-2019 07:00,151.687
02-05-2019 08:00,185.435
02-05-2019 09:00,238.832
02-05-2019 10:00,379.451
02-05-2019 11:00,335.841
02-05-2019 12:00,339.626
02-05-2019 13:00,341.425
02-05-2019 14:00,372.435
02-05-2019 15:00,385.38
02-05-2019 16:00,410.125
02-05-2019 17:00,357.057
02-05-2019 18:00,329.771
02-05-2019 19:00,208.468
02-05-2019 20:00,161.326
02-05-2019 21:00,138.011
02-05-2019 22:00,109.796
02-05-2019 23:00,104.613
02-06-2019 00:00,0
02-06-2019 01:00,0
02-06-2019 02:00,0
02-06-2019 03:00,0
02-06-2019 04:00,0
02-06-2019 05:00,0
02-06-2019 06:00,0
02-06-2019 07:00,0
02-06-2019 08:00,0
02-06-2019 09:00,0
02-06-2019 10:00,0
02-06-2019 11:00,0
02-06-2019 12:00,0
02-06-2019 13:00,0
02-06-2019 14:00,0
02-06-2019 15:00,0
02-06-2019 16:00,0
02-06-2019 17:00,0
02-06-2019 18:00,0
02-06-2019 19:00,0
02-06-2019 20:00,114.969
02-06-2019 21:00,111.953
02-06-2019 22:00,112.096
02-06-2019 23:00,109.683
02-07-2019 00:00,114.132
02-07-2019 01:00,109.446
02-07-2019 02:00,109.216
02-07-2019 03:00,107.518
02-07-2019 04:00,110.086
02-07-2019 05:00,107.667
02-07-2019 06:00,119.138
02-07-2019 07:00,292.154
02-07-2019 08:00,352.053
02-07-2019 09:00,378.032
02-07-2019 10:00,429.905
02-07-2019 11:00,403.926
02-07-2019 12:00,425.607
02-07-2019 13:00,400.629
02-07-2019 14:00,403.98
02-07-2019 15:00,376.408
02-07-2019 16:00,394.45
02-07-2019 17:00,382.739
02-07-2019 18:00,355.398
02-07-2019 19:00,191.782
02-07-2019 20:00,146.062
02-07-2019 21:00,111.588
02-07-2019 22:00,109.001
02-07-2019 23:00,107.629
02-08-2019 00:00,106.643
02-08-2019 01:00,106.502
02-08-2019 02:00,102.174
02-08-2019 03:00,99.678
02-08-2019 04:00,105.29
02-08-2019 05:00,105.812
02-08-2019 06:00,106.831
02-08-2019 07:00,355.431
02-08-2019 08:00,259.547
02-08-2019 09:00,276.84
02-08-2019 10:00,307.748
02-08-2019 11:00,316.591
02-08-2019 12:00,333.987
02-08-2019 13:00,345.502
02-08-2019 14:00,371.251
02-08-2019 15:00,350.44
02-08-2019 16:00,343.969
02-08-2019 17:00,309.592
02-08-2019 18:00,274.248
02-08-2019 19:00,134.83
02-08-2019 20:00,104.811
02-08-2019 21:00,88.286
02-08-2019 22:00,88.887
02-08-2019 23:00,88.228
02-09-2019 00:00,95.718
02-09-2019 01:00,96.635
02-09-2019 02:00,94.411
02-09-2019 03:00,95.339
02-09-2019 04:00,96.006
02-09-2019 05:00,94.875
02-09-2019 06:00,103.611
02-09-2019 07:00,388.777
02-09-2019 08:00,330.878
02-09-2019 09:00,364.24
02-09-2019 10:00,396.478
02-09-2019 11:00,482.023
02-09-2019 12:00,487.244
02-09-2019 13:00,483.104
02-09-2019 14:00,488.16
02-09-2019 15:00,504.957
02-09-2019 16:00,486.699
02-09-2019 17:00,485.71
02-09-2019 18:00,451.337
02-09-2019 19:00,186.419
02-09-2019 20:00,131.441
02-09-2019 21:00,106.482
02-09-2019 22:00,110.35
02-09-2019 23:00,107.096
02-10-2019 00:00,109.035
02-10-2019 01:00,105.72
02-10-2019 02:00,110.304
02-10-2019 03:00,104.366
02-10-2019 04:00,107.77
02-10-2019 05:00,114.713
02-10-2019 06:00,122.74
02-10-2019 07:00,401.273
02-10-2019 08:00,334.47
02-10-2019 09:00,381.877
02-10-2019 10:00,426.175
02-10-2019 11:00,432.891
02-10-2019 12:00,451.103
02-10-2019 13:00,463.473
02-10-2019 14:00,476.269
02-10-2019 15:00,493.239
02-10-2019 16:00,480.995
02-10-2019 17:00,457.892
02-10-2019 18:00,413.575
02-10-2019 19:00,231.165
02-10-2019 20:00,142.619
02-10-2019 21:00,119.612
02-10-2019 22:00,114.747
02-10-2019 23:00,115.989
02-11-2019 00:00,105.452
02-11-2019 01:00,101.065
02-11-2019 02:00,102.668
02-11-2019 03:00,106.521
02-11-2019 04:00,104.633
02-11-2019 05:00,106.242
02-11-2019 06:00,115.174
02-11-2019 07:00,116.721
02-11-2019 08:00,121.849
02-11-2019 09:00,136.111
02-11-2019 10:00,148.734
02-11-2019 11:00,138.011
02-11-2019 12:00,140.589
02-11-2019 13:00,127.986
02-11-2019 14:00,121.755
02-11-2019 15:00,122.651
02-11-2019 16:00,118.089
02-11-2019 17:00,125.692
02-11-2019 18:00,121.296
02-11-2019 19:00,118.314
02-11-2019 20:00,109.509
02-11-2019 21:00,107.107
02-11-2019 22:00,109.394
02-11-2019 23:00,107.839
02-12-2019 00:00,97.678
02-12-2019 01:00,99.072
02-12-2019 02:00,101.456
02-12-2019 03:00,98.884
02-12-2019 04:00,99.08
02-12-2019 05:00,103.551
02-12-2019 06:00,136.917
02-12-2019 07:00,173.805
02-12-2019 08:00,214.321
02-12-2019 09:00,359.979
02-12-2019 10:00,313.389
02-12-2019 11:00,320.299
02-12-2019 12:00,336.335
02-12-2019 13:00,321.505
02-12-2019 14:00,333.342
02-12-2019 15:00,324.855
02-12-2019 16:00,297.614
02-12-2019 17:00,262.575
02-12-2019 18:00,232.837
02-12-2019 19:00,169.674
02-12-2019 20:00,138.979
02-12-2019 21:00,117.318
02-12-2019 22:00,115.42
02-12-2019 23:00,111.631
13-02-2019 00:00,111.006
13-02-2019 01:00,108.215
13-02-2019 02:00,108.265
13-02-2019 03:00,110.914
13-02-2019 04:00,107.119
13-02-2019 05:00,108.069
13-02-2019 06:00,113.858
13-02-2019 07:00,160.452
13-02-2019 08:00,205.505
13-02-2019 09:00,244.011
13-02-2019 10:00,249.121
13-02-2019 11:00,336.624
13-02-2019 12:00,292.503
13-02-2019 13:00,281.482
13-02-2019 14:00,289.317
13-02-2019 15:00,279.266
13-02-2019 16:00,251.704
13-02-2019 17:00,243.072
13-02-2019 18:00,212.029
13-02-2019 19:00,167.942
13-02-2019 20:00,144.149
13-02-2019 21:00,119.148
13-02-2019 22:00,113.693
13-02-2019 23:00,109.576
14-02-2019 00:00,109.239
14-02-2019 01:00,106.643
14-02-2019 02:00,107.682
14-02-2019 03:00,108.729
14-02-2019 04:00,107.579
14-02-2019 05:00,110.481
14-02-2019 06:00,109.392
14-02-2019 07:00,159.689
14-02-2019 08:00,207.828
14-02-2019 09:00,230.939
14-02-2019 10:00,260.494
14-02-2019 11:00,341.278
14-02-2019 12:00,274.221
14-02-2019 13:00,279.979
14-02-2019 14:00,296.148
14-02-2019 15:00,279.224
14-02-2019 16:00,251.616
14-02-2019 17:00,233.419
14-02-2019 18:00,208.081
14-02-2019 19:00,161.012
14-02-2019 20:00,132.216
14-02-2019 21:00,118.937
14-02-2019 22:00,107.943
14-02-2019 23:00,107.13
15-02-2019 00:00,111.512
15-02-2019 01:00,108.273
15-02-2019 02:00,110.707
15-02-2019 03:00,109.162
15-02-2019 04:00,106.858
15-02-2019 05:00,109.127
15-02-2019 06:00,114.291
15-02-2019 07:00,151.053
15-02-2019 08:00,199.05
15-02-2019 09:00,233.592
15-02-2019 10:00,247.457
15-02-2019 11:00,335.279
15-02-2019 12:00,272.171
15-02-2019 13:00,281.52
15-02-2019 14:00,280.834
15-02-2019 15:00,268.728
15-02-2019 16:00,254.852
15-02-2019 17:00,236.915
15-02-2019 18:00,209.645
15-02-2019 19:00,156.281
15-02-2019 20:00,138.207
15-02-2019 21:00,114.245
15-02-2019 22:00,103.811
15-02-2019 23:00,103.42
16-02-2019 00:00,107.149
16-02-2019 01:00,102.327
16-02-2019 02:00,102.239
16-02-2019 03:00,106.333
16-02-2019 04:00,100.407
16-02-2019 05:00,100.698
16-02-2019 06:00,101.775
16-02-2019 07:00,120.125
16-02-2019 08:00,122.95
16-02-2019 09:00,125.519
16-02-2019 10:00,129.785
16-02-2019 11:00,126.186
16-02-2019 12:00,126.565
16-02-2019 13:00,126.132
16-02-2019 14:00,123.169
16-02-2019 15:00,130.617
16-02-2019 16:00,135.704
16-02-2019 17:00,133.561
16-02-2019 18:00,129.958
16-02-2019 19:00,127.83
16-02-2019 20:00,127.228
16-02-2019 21:00,105.562
16-02-2019 22:00,102.971
16-02-2019 23:00,106.571
17-02-2019 00:00,103.431
17-02-2019 01:00,101.434
17-02-2019 02:00,103.109
17-02-2019 03:00,100.694
17-02-2019 04:00,99.828
17-02-2019 05:00,99.272
17-02-2019 06:00,104.071
17-02-2019 07:00,101.15
17-02-2019 08:00,100.161
17-02-2019 09:00,108.008
17-02-2019 10:00,103.55
17-02-2019 11:00,104.294
17-02-2019 12:00,104.784
17-02-2019 13:00,109.561
17-02-2019 14:00,104.133
17-02-2019 15:00,108.349
17-02-2019 16:00,112.681
17-02-2019 17:00,112.29
17-02-2019 18:00,111.531
17-02-2019 19:00,112.282
17-02-2019 20:00,104.777
17-02-2019 21:00,104.987
17-02-2019 22:00,108.043
17-02-2019 23:00,104.52
18-02-2019 00:00,103.044
18-02-2019 01:00,101.269
18-02-2019 02:00,103.128
18-02-2019 03:00,101.008
18-02-2019 04:00,100.023
18-02-2019 05:00,101.189
18-02-2019 06:00,109.242
18-02-2019 07:00,151.516
18-02-2019 08:00,192.893
18-02-2019 09:00,235.555
18-02-2019 10:00,271.799
18-02-2019 11:00,378.553
18-02-2019 12:00,313.659
18-02-2019 13:00,321.31
18-02-2019 14:00,324.526
18-02-2019 15:00,320.356
18-02-2019 16:00,289.283
18-02-2019 17:00,274.662
18-02-2019 18:00,235.98
18-02-2019 19:00,187.324
18-02-2019 20:00,143.221
18-02-2019 21:00,127.021
18-02-2019 22:00,126.466
18-02-2019 23:00,121.823
19-02-2019 00:00,117.269
19-02-2019 01:00,114.264
19-02-2019 02:00,115.832
19-02-2019 03:00,111.401
19-02-2019 04:00,112.715
19-02-2019 05:00,111.496
19-02-2019 06:00,115.41
19-02-2019 07:00,168.835
19-02-2019 08:00,209.856
19-02-2019 09:00,241.96
19-02-2019 10:00,287.972
19-02-2019 11:00,331.633
19-02-2019 12:00,304.455
19-02-2019 13:00,273.896
19-02-2019 14:00,301.653
19-02-2019 15:00,272.531
19-02-2019 16:00,262.074
19-02-2019 17:00,253.015
19-02-2019 18:00,228.455
19-02-2019 19:00,182.816
19-02-2019 20:00,143.459
19-02-2019 21:00,122.31
19-02-2019 22:00,118.316
19-02-2019 23:00,120.52
20-02-2019 00:00,107.717
20-02-2019 01:00,111.592
20-02-2019 02:00,110.584
20-02-2019 03:00,111.071
20-02-2019 04:00,108.119
20-02-2019 05:00,106.318
20-02-2019 06:00,113.118
20-02-2019 07:00,163.177
20-02-2019 08:00,215.583
20-02-2019 09:00,240.124
20-02-2019 10:00,271.028
20-02-2019 11:00,350.16
20-02-2019 12:00,322.288
20-02-2019 13:00,286.622
20-02-2019 14:00,305.168
20-02-2019 15:00,289.877
20-02-2019 16:00,270.695
20-02-2019 17:00,255.015
20-02-2019 18:00,240.12
20-02-2019 19:00,189.294
20-02-2019 20:00,157.247
20-02-2019 21:00,124.495
20-02-2019 22:00,116.637
20-02-2019 23:00,117.871
21-02-2019 00:00,113.712
21-02-2019 01:00,115.981
21-02-2019 02:00,112.064
21-02-2019 03:00,114.011
21-02-2019 04:00,111.473
21-02-2019 05:00,113.129
21-02-2019 06:00,113.896
21-02-2019 07:00,165.217
21-02-2019 08:00,214.889
21-02-2019 09:00,251.003
21-02-2019 10:00,278.511
21-02-2019 11:00,374.823
21-02-2019 12:00,316.193
21-02-2019 13:00,314.694
21-02-2019 14:00,301.764
21-02-2019 15:00,297.609
21-02-2019 16:00,263.4
21-02-2019 17:00,261.568
21-02-2019 18:00,228.605
21-02-2019 19:00,187.059
21-02-2019 20:00,141.358
21-02-2019 21:00,121.275
21-02-2019 22:00,124.223
21-02-2019 23:00,118.818
22-02-2019 00:00,117.829
22-02-2019 01:00,113.731
22-02-2019 02:00,112.907
22-02-2019 03:00,109.626
22-02-2019 04:00,107.548
22-02-2019 05:00,110.047
22-02-2019 06:00,115.667
22-02-2019 07:00,164.899
22-02-2019 08:00,221.118
22-02-2019 09:00,246.74
22-02-2019 10:00,267.252
22-02-2019 11:00,368.705
22-02-2019 12:00,303.198
22-02-2019 13:00,295.987
22-02-2019 14:00,303.052
22-02-2019 15:00,282.567
22-02-2019 16:00,252.759
22-02-2019 17:00,249.956
22-02-2019 18:00,221.858
22-02-2019 19:00,188.405
22-02-2019 20:00,143.957
22-02-2019 21:00,123.978
22-02-2019 22:00,117.465
22-02-2019 23:00,114.724
23-02-2019 00:00,116.495
23-02-2019 01:00,112.102
23-02-2019 02:00,106.505
23-02-2019 03:00,106.812
23-02-2019 04:00,108.499
23-02-2019 05:00,106.804
23-02-2019 06:00,108.38
23-02-2019 07:00,121.712
23-02-2019 08:00,130.034
23-02-2019 09:00,136.164
23-02-2019 10:00,133.553
23-02-2019 11:00,132.557
23-02-2019 12:00,131.296
23-02-2019 13:00,131.786
23-02-2019 14:00,129.371
23-02-2019 15:00,137.107
23-02-2019 16:00,130.506
23-02-2019 17:00,130.092
23-02-2019 18:00,133.764
23-02-2019 19:00,125.216
23-02-2019 20:00,116.633
23-02-2019 21:00,108.683
23-02-2019 22:00,104.489
23-02-2019 23:00,104.608
24-02-2019 00:00,104.888
24-02-2019 01:00,100.744
24-02-2019 02:00,100.506
24-02-2019 03:00,102.059
24-02-2019 04:00,100.035
24-02-2019 05:00,98.797
24-02-2019 06:00,101.265
24-02-2019 07:00,97.466
24-02-2019 08:00,99.222
24-02-2019 09:00,99.398
24-02-2019 10:00,104.918
24-02-2019 11:00,102.722
24-02-2019 12:00,105.697
24-02-2019 13:00,109.304
24-02-2019 14:00,107.924
24-02-2019 15:00,106.13
24-02-2019 16:00,108.085
24-02-2019 17:00,105.198
24-02-2019 18:00,109.921
24-02-2019 19:00,113.605
24-02-2019 20:00,106.126
24-02-2019 21:00,103.427
24-02-2019 22:00,106.919
24-02-2019 23:00,103.029
25-02-2019 00:00,104.209
25-02-2019 01:00,105.838
25-02-2019 02:00,96.819
25-02-2019 03:00,99.697
25-02-2019 04:00,103.975
25-02-2019 05:00,95.83
25-02-2019 06:00,105.984
25-02-2019 07:00,160.586
25-02-2019 08:00,204.991
25-02-2019 09:00,230.257
25-02-2019 10:00,262.649
25-02-2019 11:00,390.383
25-02-2019 12:00,306.429
25-02-2019 13:00,312.85
25-02-2019 14:00,305.812
25-02-2019 15:00,288.163
25-02-2019 16:00,272.236
25-02-2019 17:00,263.622
25-02-2019 18:00,232.496
25-02-2019 19:00,185.192
25-02-2019 20:00,153.977
25-02-2019 21:00,121.015
25-02-2019 22:00,117.979
25-02-2019 23:00,116.296
26-02-2019 00:00,116.955
26-02-2019 01:00,111.079
26-02-2019 02:00,111.991
26-02-2019 03:00,113.808
26-02-2019 04:00,110.005
26-02-2019 05:00,110.676
26-02-2019 06:00,118.991
26-02-2019 07:00,163.499
26-02-2019 08:00,216.369
26-02-2019 09:00,255.703
26-02-2019 10:00,271.534
26-02-2019 11:00,391.042
26-02-2019 12:00,304.171
26-02-2019 13:00,316.863
26-02-2019 14:00,315.234
26-02-2019 15:00,294.212
26-02-2019 16:00,279.389
26-02-2019 17:00,269.867
26-02-2019 18:00,229.996
26-02-2019 19:00,187.216
26-02-2019 20:00,147.675
26-02-2019 21:00,129.038
26-02-2019 22:00,118.155
26-02-2019 23:00,124.235
27-02-2019 00:00,115.889
27-02-2019 01:00,117.998
27-02-2019 02:00,114.594
27-02-2019 03:00,114.824
27-02-2019 04:00,113.371
27-02-2019 05:00,115.253
27-02-2019 06:00,112.623
27-02-2019 07:00,177.449
27-02-2019 08:00,216.729
27-02-2019 09:00,245.272
27-02-2019 10:00,272.65
27-02-2019 11:00,385.189
27-02-2019 12:00,328.448
27-02-2019 13:00,305.266
27-02-2019 14:00,314.983
27-02-2019 15:00,286.718
27-02-2019 16:00,276.112
27-02-2019 17:00,256.091
27-02-2019 18:00,243.421
27-02-2019 19:00,192.65
27-02-2019 20:00,159.513
27-02-2019 21:00,131.843
27-02-2019 22:00,125.707
27-02-2019 23:00,123.09
28-02-2019 00:00,116.716
28-02-2019 01:00,110.457
28-02-2019 02:00,112.239
28-02-2019 03:00,112.853
28-02-2019 04:00,110.565
28-02-2019 05:00,114.139
28-02-2019 06:00,115.744
28-02-2019 07:00,169.27
28-02-2019 08:00,227.892
28-02-2019 09:00,250.761
28-02-2019 10:00,284.962
28-02-2019 11:00,386.373
28-02-2019 12:00,316.721
28-02-2019 13:00,309.205
28-02-2019 14:00,321.383
28-02-2019 15:00,295.625
28-02-2019 16:00,279.366
28-02-2019 17:00,265.24
28-02-2019 18:00,237.044
28-02-2019 19:00,195.696
28-02-2019 20:00,146.574
28-02-2019 21:00,123.84
28-02-2019 22:00,121.07
28-02-2019 23:00,118.885
03-01-2019 00:00,106.003
03-01-2019 01:00,97.861
03-01-2019 02:00,97.075
03-01-2019 03:00,98.325
03-01-2019 04:00,96.454
03-01-2019 05:00,96.792
03-01-2019 06:00,108.342
03-01-2019 07:00,145.805
03-01-2019 08:00,188.776
03-01-2019 09:00,240.561
03-01-2019 10:00,280.627
03-01-2019 11:00,281.742
03-01-2019 12:00,272.711
03-01-2019 13:00,246.169
03-01-2019 14:00,252.594
03-01-2019 15:00,256.266
03-01-2019 16:00,261.936
03-01-2019 17:00,239.005
03-01-2019 18:00,203.358
03-01-2019 19:00,170.189
03-01-2019 20:00,138.111
03-01-2019 21:00,112.34
03-01-2019 22:00,100.985
03-01-2019 23:00,107.59
03-02-2019 00:00,107.111
03-02-2019 01:00,103.117
03-02-2019 02:00,102.316
03-02-2019 03:00,104.021
03-02-2019 04:00,101.353
03-02-2019 05:00,100.165
03-02-2019 06:00,104.282
03-02-2019 07:00,99.245
03-02-2019 08:00,99.042
03-02-2019 09:00,104.052
03-02-2019 10:00,99.97
03-02-2019 11:00,101.802
03-02-2019 12:00,100.042
03-02-2019 13:00,100.575
03-02-2019 14:00,107.675
03-02-2019 15:00,102.822
03-02-2019 16:00,106.735
03-02-2019 17:00,108.135
03-02-2019 18:00,109.242
03-02-2019 19:00,117.649
03-02-2019 20:00,108.077
03-02-2019 21:00,110.231
03-02-2019 22:00,107.253
03-02-2019 23:00,106.919
03-03-2019 00:00,103.601
03-03-2019 01:00,101.676
03-03-2019 02:00,101.229
03-03-2019 03:00,102.534
03-03-2019 04:00,103.287
03-03-2019 05:00,103.251
03-03-2019 06:00,101.288
03-03-2019 07:00,103.784
03-03-2019 08:00,101.48
03-03-2019 09:00,101.292
03-03-2019 10:00,105.245
03-03-2019 11:00,103.65
03-03-2019 12:00,104.037
03-03-2019 13:00,105.448
03-03-2019 14:00,105.935
03-03-2019 15:00,108.223
03-03-2019 16:00,106.602
03-03-2019 17:00,106.776
03-03-2019 18:00,105.677
03-03-2019 19:00,103.296
03-03-2019 20:00,104.834
03-03-2019 21:00,101.227
03-03-2019 22:00,100.187
03-03-2019 23:00,105.129
03-04-2019 00:00,111.934
03-04-2019 01:00,108.623
03-04-2019 02:00,108.495
03-04-2019 03:00,111.138
03-04-2019 04:00,107.235
03-04-2019 05:00,110.174
03-04-2019 06:00,118.148
03-04-2019 07:00,155.733
03-04-2019 08:00,209.912
03-04-2019 09:00,250.16
03-04-2019 10:00,384.954
03-04-2019 11:00,337.775
03-04-2019 12:00,335.344
03-04-2019 13:00,335.003
03-04-2019 14:00,336.304
03-04-2019 15:00,329.901
03-04-2019 16:00,325.833
03-04-2019 17:00,309.189
03-04-2019 18:00,277.55
03-04-2019 19:00,235.796
03-04-2019 20:00,175.881
03-04-2019 21:00,151.302
03-04-2019 22:00,112.885
03-04-2019 23:00,112.153
03-05-2019 00:00,107.569
03-05-2019 01:00,103.497
03-05-2019 02:00,102.769
03-05-2019 03:00,101.501
03-05-2019 04:00,104.077
03-05-2019 05:00,106.685
03-05-2019 06:00,113.024
03-05-2019 07:00,154.336
03-05-2019 08:00,191.985
03-05-2019 09:00,239.338
03-05-2019 10:00,398.292
03-05-2019 11:00,418.224
03-05-2019 12:00,375.79
03-05-2019 13:00,361.292
03-05-2019 14:00,405.839
03-05-2019 15:00,393.837
03-05-2019 16:00,398.105
03-05-2019 17:00,383.227
03-05-2019 18:00,324.864
03-05-2019 19:00,205.488
03-05-2019 20:00,145.843
03-05-2019 21:00,131.477
03-05-2019 22:00,110.152
03-05-2019 23:00,109.495
03-06-2019 00:00,110.829
03-06-2019 01:00,105.753
03-06-2019 02:00,108.368
03-06-2019 03:00,104.562
03-06-2019 04:00,109.448
03-06-2019 05:00,103.68
03-06-2019 06:00,119.667
03-06-2019 07:00,243.639
03-06-2019 08:00,311.133
03-06-2019 09:00,341.439
03-06-2019 10:00,564.604
03-06-2019 11:00,560.999
03-06-2019 12:00,561.813
03-06-2019 13:00,552.096
03-06-2019 14:00,559.871
03-06-2019 15:00,569.867
03-06-2019 16:00,557.506
03-06-2019 17:00,547.803
03-06-2019 18:00,508.177
03-06-2019 19:00,237.678
03-06-2019 20:00,147.323
03-06-2019 21:00,128.026
03-06-2019 22:00,111.581
03-06-2019 23:00,110.274
03-07-2019 00:00,106.628
03-07-2019 01:00,103.439
03-07-2019 02:00,106.18
03-07-2019 03:00,102.224
03-07-2019 04:00,105.67
03-07-2019 05:00,105.175
03-07-2019 06:00,115.986
03-07-2019 07:00,372.152
03-07-2019 08:00,291.951
03-07-2019 09:00,383.276
03-07-2019 10:00,442.218
03-07-2019 11:00,428.95
03-07-2019 12:00,454.591
03-07-2019 13:00,434.919
03-07-2019 14:00,456.086
03-07-2019 15:00,468.456
03-07-2019 16:00,493.255
03-07-2019 17:00,455.12
03-07-2019 18:00,404.911
03-07-2019 19:00,214.947
03-07-2019 20:00,159.363
03-07-2019 21:00,114.276
03-07-2019 22:00,114.59
03-07-2019 23:00,106.533
03-08-2019 00:00,88.654
03-08-2019 01:00,87.814
03-08-2019 02:00,87.695
03-08-2019 03:00,88.278
03-08-2019 04:00,84.793
03-08-2019 05:00,85.269
03-08-2019 06:00,86.323
03-08-2019 07:00,103.872
03-08-2019 08:00,99.648
03-08-2019 09:00,100.775
03-08-2019 10:00,364.531
03-08-2019 11:00,181.965
03-08-2019 12:00,188.857
03-08-2019 13:00,167.39
03-08-2019 14:00,191.529
03-08-2019 15:00,165.14
03-08-2019 16:00,194.914
03-08-2019 17:00,162.024
03-08-2019 18:00,109.296
03-08-2019 19:00,103.454
03-08-2019 20:00,96.704
03-08-2019 21:00,84.839
03-08-2019 22:00,84.851
03-08-2019 23:00,86.649
03-09-2019 00:00,105.198
03-09-2019 01:00,106.85
03-09-2019 02:00,102.446
03-09-2019 03:00,109.442
03-09-2019 04:00,98.406
03-09-2019 05:00,106.352
03-09-2019 06:00,110.868
03-09-2019 07:00,405.866
03-09-2019 08:00,397.321
03-09-2019 09:00,455.791
03-09-2019 10:00,485.369
03-09-2019 11:00,501.806
03-09-2019 12:00,497.693
03-09-2019 13:00,500.641
03-09-2019 14:00,512.298
03-09-2019 15:00,496.21
03-09-2019 16:00,503.6
03-09-2019 17:00,478.178
03-09-2019 18:00,459.475
03-09-2019 19:00,178.342
03-09-2019 20:00,129.954
03-09-2019 21:00,108.572
03-09-2019 22:00,106.379
03-09-2019 23:00,109.469
03-10-2019 00:00,110.883
03-10-2019 01:00,111.841
03-10-2019 02:00,105.647
03-10-2019 03:00,100.878
03-10-2019 04:00,109.043
03-10-2019 05:00,107.736
03-10-2019 06:00,124.928
03-10-2019 07:00,376.368
03-10-2019 08:00,301.864
03-10-2019 09:00,375.421
03-10-2019 10:00,390.789
03-10-2019 11:00,414.173
03-10-2019 12:00,443.958
03-10-2019 13:00,477.097
03-10-2019 14:00,534.942
03-10-2019 15:00,541.336
03-10-2019 16:00,503.88
03-10-2019 17:00,479.826
03-10-2019 18:00,434.489
03-10-2019 19:00,231.181
03-10-2019 20:00,140.829
03-10-2019 21:00,115.357
03-10-2019 22:00,107.594
03-10-2019 23:00,113.103
03-11-2019 00:00,109.851
03-11-2019 01:00,104.112
03-11-2019 02:00,103.241
03-11-2019 03:00,106.933
03-11-2019 04:00,103.968
03-11-2019 05:00,104.543
03-11-2019 06:00,102.066
03-11-2019 07:00,104.746
03-11-2019 08:00,105.172
03-11-2019 09:00,102.788
03-11-2019 10:00,107.184
03-11-2019 11:00,104.764
03-11-2019 12:00,107.138
03-11-2019 13:00,102.9
03-11-2019 14:00,103.043
03-11-2019 15:00,107.065
03-11-2019 16:00,102.8
03-11-2019 17:00,106.831
03-11-2019 18:00,103.668
03-11-2019 19:00,104.113
03-11-2019 20:00,104.63
03-11-2019 21:00,102.399
03-11-2019 22:00,106.529
03-11-2019 23:00,102.907
03-12-2019 00:00,111.044
03-12-2019 01:00,109.78
03-12-2019 02:00,109.107
03-12-2019 03:00,109.556
03-12-2019 04:00,108.14
03-12-2019 05:00,112.885
03-12-2019 06:00,143.573
03-12-2019 07:00,199.269
03-12-2019 08:00,222.348
03-12-2019 09:00,357.798
03-12-2019 10:00,316.694
03-12-2019 11:00,321.445
03-12-2019 12:00,334.161
03-12-2019 13:00,321.333
03-12-2019 14:00,332.126
03-12-2019 15:00,329.329
03-12-2019 16:00,311.899
03-12-2019 17:00,255.641
03-12-2019 18:00,223.659
03-12-2019 19:00,182.423
03-12-2019 20:00,128.917
03-12-2019 21:00,118.297
03-12-2019 22:00,111.307
03-12-2019 23:00,110.501
13-03-2019 00:00,110.047
13-03-2019 01:00,106.571
13-03-2019 02:00,109.875
13-03-2019 03:00,106.21
13-03-2019 04:00,108.644
13-03-2019 05:00,106.08
13-03-2019 06:00,113.417
13-03-2019 07:00,165.665
13-03-2019 08:00,209.844
13-03-2019 09:00,251.329
13-03-2019 10:00,276.196
13-03-2019 11:00,393.289
13-03-2019 12:00,316.343
13-03-2019 13:00,307.265
13-03-2019 14:00,310.765
13-03-2019 15:00,310.289
13-03-2019 16:00,320.655
13-03-2019 17:00,306.878
13-03-2019 18:00,272.42
13-03-2019 19:00,224.38
13-03-2019 20:00,162.878
13-03-2019 21:00,144.248
13-03-2019 22:00,131.652
13-03-2019 23:00,123.909
14-03-2019 00:00,129.007
14-03-2019 01:00,120.271
14-03-2019 02:00,121.59
14-03-2019 03:00,118.607
14-03-2019 04:00,120.589
14-03-2019 05:00,121.256
14-03-2019 06:00,127.807
14-03-2019 07:00,178.227
14-03-2019 08:00,283.41
14-03-2019 09:00,282.317
14-03-2019 10:00,301.503
14-03-2019 11:00,322.564
14-03-2019 12:00,321.64
14-03-2019 13:00,312.398
14-03-2019 14:00,332.005
14-03-2019 15:00,322.928
14-03-2019 16:00,326.941
14-03-2019 17:00,308.656
14-03-2019 18:00,285.963
14-03-2019 19:00,233.423
14-03-2019 20:00,169.667
14-03-2019 21:00,149.036
14-03-2019 22:00,130.061
14-03-2019 23:00,125.001
15-03-2019 00:00,120.857
15-03-2019 01:00,124.093
15-03-2019 02:00,121.992
15-03-2019 03:00,119.911
15-03-2019 04:00,121.651
15-03-2019 05:00,119.5
15-03-2019 06:00,133.254
15-03-2019 07:00,167.869
15-03-2019 08:00,267.456
15-03-2019 09:00,284.104
15-03-2019 10:00,293.718
15-03-2019 11:00,325.232
15-03-2019 12:00,321.513
15-03-2019 13:00,316.127
15-03-2019 14:00,330.165
15-03-2019 15:00,339.699
15-03-2019 16:00,319.704
15-03-2019 17:00,288.869
15-03-2019 18:00,273.692
15-03-2019 19:00,206.663
15-03-2019 20:00,161.027
15-03-2019 21:00,141.373
15-03-2019 22:00,127.033
15-03-2019 23:00,113.149
16-03-2019 00:00,110.113
16-03-2019 01:00,115.119
16-03-2019 02:00,112.907
16-03-2019 03:00,111.811
16-03-2019 04:00,113.923
16-03-2019 05:00,110.592
16-03-2019 06:00,110.929
16-03-2019 07:00,123.073
16-03-2019 08:00,132.081
16-03-2019 09:00,134.389
16-03-2019 10:00,139.61
16-03-2019 11:00,139.265
16-03-2019 12:00,139.522
16-03-2019 13:00,146.464
16-03-2019 14:00,142.033
16-03-2019 15:00,147.813
16-03-2019 16:00,149.96
16-03-2019 17:00,140.687
16-03-2019 18:00,140.572
16-03-2019 19:00,143.808
16-03-2019 20:00,126.466
16-03-2019 21:00,126.27
16-03-2019 22:00,131.414
16-03-2019 23:00,115.767
17-03-2019 00:00,115.069
17-03-2019 01:00,112.524
17-03-2019 02:00,114.82
17-03-2019 03:00,112.547
17-03-2019 04:00,113.068
17-03-2019 05:00,116.756
17-03-2019 06:00,113.333
17-03-2019 07:00,113.03
17-03-2019 08:00,123.318
17-03-2019 09:00,121.935
17-03-2019 10:00,121.038
17-03-2019 11:00,124.235
17-03-2019 12:00,124.66
17-03-2019 13:00,126.017
17-03-2019 14:00,122.314
17-03-2019 15:00,123.364
17-03-2019 16:00,124.967
17-03-2019 17:00,127.734
17-03-2019 18:00,131.794
17-03-2019 19:00,124.963
17-03-2019 20:00,122.851
17-03-2019 21:00,120.785
17-03-2019 22:00,116.717
17-03-2019 23:00,110.093
18-03-2019 00:00,116.323
18-03-2019 01:00,110.339
18-03-2019 02:00,109.139
18-03-2019 03:00,109.848
18-03-2019 04:00,112.765
18-03-2019 05:00,110.649
18-03-2019 06:00,115.495
18-03-2019 07:00,158.635
18-03-2019 08:00,281.961
18-03-2019 09:00,243.881
18-03-2019 10:00,305.494
18-03-2019 11:00,324.576
18-03-2019 12:00,318.025
18-03-2019 13:00,315.441
18-03-2019 14:00,319.543
18-03-2019 15:00,326.991
18-03-2019 16:00,328.229
18-03-2019 17:00,310.972
18-03-2019 18:00,288.462
18-03-2019 19:00,210.764
18-03-2019 20:00,165.727
18-03-2019 21:00,130.008
18-03-2019 22:00,128.823
18-03-2019 23:00,120.965
19-03-2019 00:00,121.712
19-03-2019 01:00,116.625
19-03-2019 02:00,118.918
19-03-2019 03:00,116.721
19-03-2019 04:00,115.932
19-03-2019 05:00,119.171
19-03-2019 06:00,125.434
19-03-2019 07:00,170.422
19-03-2019 08:00,296.83
19-03-2019 09:00,286.331
19-03-2019 10:00,316.308
19-03-2019 11:00,325.485
19-03-2019 12:00,328.344
19-03-2019 13:00,309.089
19-03-2019 14:00,326.217
19-03-2019 15:00,306.226
19-03-2019 16:00,283.993
19-03-2019 17:00,265.301
19-03-2019 18:00,236.294
19-03-2019 19:00,195.619
19-03-2019 20:00,147.223
19-03-2019 21:00,115.322
19-03-2019 22:00,108.733
19-03-2019 23:00,109.051
20-03-2019 00:00,110.297
20-03-2019 01:00,107.119
20-03-2019 02:00,111.186
20-03-2019 03:00,105.482
20-03-2019 04:00,110.91
20-03-2019 05:00,106.172
20-03-2019 06:00,114.525
20-03-2019 07:00,174.152
20-03-2019 08:00,218.477
20-03-2019 09:00,248.898
20-03-2019 10:00,273.892
20-03-2019 11:00,388.014
20-03-2019 12:00,320.317
20-03-2019 13:00,323.169
20-03-2019 14:00,318.976
20-03-2019 15:00,299.046
20-03-2019 16:00,273.597
20-03-2019 17:00,271.024
20-03-2019 18:00,251.969
20-03-2019 19:00,213.958
20-03-2019 20:00,169.081
20-03-2019 21:00,132.4
20-03-2019 22:00,112.209
20-03-2019 23:00,110.458
21-03-2019 00:00,104.489
21-03-2019 01:00,104.876
21-03-2019 02:00,105.72
21-03-2019 03:00,103.443
21-03-2019 04:00,107.356
21-03-2019 05:00,101.668
21-03-2019 06:00,110.68
21-03-2019 07:00,168.28
21-03-2019 08:00,209.097
21-03-2019 09:00,235.627
21-03-2019 10:00,289.133
21-03-2019 11:00,404.041
21-03-2019 12:00,317.431
21-03-2019 13:00,317.676
21-03-2019 14:00,330.38
21-03-2019 15:00,299.203
21-03-2019 16:00,280.389
21-03-2019 17:00,274.593
21-03-2019 18:00,237.011
21-03-2019 19:00,192.387
21-03-2019 20:00,160.598
21-03-2019 21:00,116.357
21-03-2019 22:00,109.821
21-03-2019 23:00,107.061
22-03-2019 00:00,109.837
22-03-2019 01:00,106.827
22-03-2019 02:00,108.545
22-03-2019 03:00,106.318
22-03-2019 04:00,106.95
22-03-2019 05:00,103.439
22-03-2019 06:00,109.078
22-03-2019 07:00,161.261
22-03-2019 08:00,197.221
22-03-2019 09:00,238.545
22-03-2019 10:00,260.502
22-03-2019 11:00,383.997
22-03-2019 12:00,299.962
22-03-2019 13:00,288.577
22-03-2019 14:00,304.302
22-03-2019 15:00,299.357
22-03-2019 16:00,261.97
22-03-2019 17:00,243.003
22-03-2019 18:00,208.932
22-03-2019 19:00,184.242
22-03-2019 20:00,147.296
22-03-2019 21:00,125.933
22-03-2019 22:00,112.06
22-03-2019 23:00,109.078
23-03-2019 00:00,105.375
23-03-2019 01:00,107.226
23-03-2019 02:00,103.918
23-03-2019 03:00,107.13
23-03-2019 04:00,105.62
23-03-2019 05:00,107.441
23-03-2019 06:00,102.477
23-03-2019 07:00,118.902
23-03-2019 08:00,118.845
23-03-2019 09:00,128.528
23-03-2019 10:00,125.799
23-03-2019 11:00,124.261
23-03-2019 12:00,131.575
23-03-2019 13:00,122.924
23-03-2019 14:00,126.109
23-03-2019 15:00,124.062
23-03-2019 16:00,128.229
23-03-2019 17:00,123.215
23-03-2019 18:00,123.154
23-03-2019 19:00,124.833
23-03-2019 20:00,116.054
23-03-2019 21:00,103.347
23-03-2019 22:00,105.152
23-03-2019 23:00,100.824
24-03-2019 00:00,100.487
24-03-2019 01:00,103.807
24-03-2019 02:00,99.345
24-03-2019 03:00,97.873
24-03-2019 04:00,101.925
24-03-2019 05:00,100.407
24-03-2019 06:00,100.035
24-03-2019 07:00,101.852
24-03-2019 08:00,98.712
24-03-2019 09:00,100.065
24-03-2019 10:00,103.964
24-03-2019 11:00,105.367
24-03-2019 12:00,106.214
24-03-2019 13:00,108.556
24-03-2019 14:00,103.857
24-03-2019 15:00,100.748
24-03-2019 16:00,105.551
24-03-2019 17:00,104.926
24-03-2019 18:00,109.679
24-03-2019 19:00,101.449
24-03-2019 20:00,100.33
24-03-2019 21:00,104.926
24-03-2019 22:00,98.647
24-03-2019 23:00,100.556
25-03-2019 00:00,103.182
25-03-2019 01:00,99.414
25-03-2019 02:00,97.915
25-03-2019 03:00,104.807
25-03-2019 04:00,102.885
25-03-2019 05:00,100.294
25-03-2019 06:00,111.606
25-03-2019 07:00,148.571
25-03-2019 08:00,189.133
25-03-2019 09:00,228.664
25-03-2019 10:00,325.316
25-03-2019 11:00,344.672
25-03-2019 12:00,323.664
25-03-2019 13:00,324.378
25-03-2019 14:00,343.246
25-03-2019 15:00,363.745
25-03-2019 16:00,349.125
25-03-2019 17:00,330.351
25-03-2019 18:00,246.774
25-03-2019 19:00,199.221
25-03-2019 20:00,163.071
25-03-2019 21:00,143.808
25-03-2019 22:00,134.612
25-03-2019 23:00,132.589
26-03-2019 00:00,128.845
26-03-2019 01:00,126.368
26-03-2019 02:00,116.486
26-03-2019 03:00,116.221
26-03-2019 04:00,113.786
26-03-2019 05:00,116.662
26-03-2019 06:00,115.819
26-03-2019 07:00,156.494
26-03-2019 08:00,194.733
26-03-2019 09:00,345.808
26-03-2019 10:00,303.508
26-03-2019 11:00,333.751
26-03-2019 12:00,311.662
26-03-2019 13:00,311.033
26-03-2019 14:00,324.619
26-03-2019 15:00,362.621
26-03-2019 16:00,345.064
26-03-2019 17:00,329.935
26-03-2019 18:00,233.879
26-03-2019 19:00,181.783
26-03-2019 20:00,156.051
26-03-2019 21:00,124.721
26-03-2019 22:00,113.994
26-03-2019 23:00,112.454
27-03-2019 00:00,112.348
27-03-2019 01:00,106.721
27-03-2019 02:00,111.055
27-03-2019 03:00,107.093
27-03-2019 04:00,109.625
27-03-2019 05:00,107.287
27-03-2019 06:00,117.925
27-03-2019 07:00,159.003
27-03-2019 08:00,206.806
27-03-2019 09:00,353.637
27-03-2019 10:00,303.66
27-03-2019 11:00,319.646
27-03-2019 12:00,318.145
27-03-2019 13:00,316.467
27-03-2019 14:00,338.844
27-03-2019 15:00,356.216
27-03-2019 16:00,346.288
27-03-2019 17:00,317.3
27-03-2019 18:00,247.487
27-03-2019 19:00,198.318
27-03-2019 20:00,169.211
27-03-2019 21:00,123.844
27-03-2019 22:00,115.534
27-03-2019 23:00,115.49
28-03-2019 00:00,115.194
28-03-2019 01:00,110.767
28-03-2019 02:00,109.982
28-03-2019 03:00,107.816
28-03-2019 04:00,115.966
28-03-2019 05:00,110.506
28-03-2019 06:00,115.865
28-03-2019 07:00,167.437
28-03-2019 08:00,207.191
28-03-2019 09:00,360.38
28-03-2019 10:00,304.815
28-03-2019 11:00,319.249
28-03-2019 12:00,311.448
28-03-2019 13:00,313.049
28-03-2019 14:00,329.931
28-03-2019 15:00,353.371
28-03-2019 16:00,350.17
28-03-2019 17:00,323.541
28-03-2019 18:00,257.198
28-03-2019 19:00,197.9
28-03-2019 20:00,172.486
28-03-2019 21:00,128.693
28-03-2019 22:00,114.46
28-03-2019 23:00,110.991
29-03-2019 00:00,114.392
29-03-2019 01:00,112.303
29-03-2019 02:00,110.616
29-03-2019 03:00,112.636
29-03-2019 04:00,109.167
29-03-2019 05:00,111.878
29-03-2019 06:00,118.567
29-03-2019 07:00,165.209
29-03-2019 08:00,193.501
29-03-2019 09:00,346.986
29-03-2019 10:00,304.236
29-03-2019 11:00,317.406
29-03-2019 12:00,301.993
29-03-2019 13:00,304.47
29-03-2019 14:00,346.134
29-03-2019 15:00,368.454
29-03-2019 16:00,344.814
29-03-2019 17:00,320.758
29-03-2019 18:00,235.972
29-03-2019 19:00,179.241
29-03-2019 20:00,150.322
29-03-2019 21:00,112.489
29-03-2019 22:00,112.086
29-03-2019 23:00,106.789
30-03-2019 00:00,108.69
30-03-2019 01:00,104.89
30-03-2019 02:00,106.615
30-03-2019 03:00,104.772
30-03-2019 04:00,105.145
30-03-2019 05:00,102.464
30-03-2019 06:00,103.33
30-03-2019 07:00,119.469
30-03-2019 08:00,119.522
30-03-2019 09:00,130.291
30-03-2019 10:00,124.12
30-03-2019 11:00,130.227
30-03-2019 12:00,125.217
30-03-2019 13:00,128.999
30-03-2019 14:00,128.559
30-03-2019 15:00,126.76
30-03-2019 16:00,131.01
30-03-2019 17:00,123.888
30-03-2019 18:00,127.834
30-03-2019 19:00,118.989
30-03-2019 20:00,117.492
30-03-2019 21:00,107.559
30-03-2019 22:00,102.699
30-03-2019 23:00,105.291
31-03-2019 00:00,104.27
31-03-2019 02:00,99.797
31-03-2019 03:00,98.878
31-03-2019 04:00,103.471
31-03-2019 05:00,98.798
31-03-2019 06:00,99.827
31-03-2019 07:00,101.945
31-03-2019 08:00,101.299
31-03-2019 09:00,103.059
31-03-2019 10:00,106.099
31-03-2019 11:00,102.416
31-03-2019 12:00,108.479
31-03-2019 13:00,106.076
31-03-2019 14:00,107.294
31-03-2019 15:00,111.96
31-03-2019 16:00,108.276
31-03-2019 17:00,107.647
31-03-2019 18:00,111.86
31-03-2019 19:00,106.642
31-03-2019 20:00,104.757
31-03-2019 21:00,109.006
31-03-2019 22:00,106.903
31-03-2019 23:00,105.705
